{"schemaVersion":"1.0","appDefinitionTemplate":{"id":"/providers/Microsoft.PowerApps/apps/","type":"Microsoft.PowerApps/apps","tags":{"primaryDeviceWidth":"640","primaryDeviceHeight":"1136","sienaVersion":"20210704T081329Z-3.21063.34.0","deviceCapabilities":"","supportsPortrait":"true","supportsLandscape":"true","primaryFormFactor":"Phone","publisherVersion":"3.21063.34","minimumRequiredApiVersion":"2.2.0","hasComponent":"false","hasUnlockedComponent":"false","isUnifiedRootApp":"false"},"properties":{"appVersion":"2021-07-04T08:13:29Z","lifeCycleId":"Published","createdByClientVersion":{"major":3,"minor":21063,"build":34,"revision":0,"majorRevision":0,"minorRevision":0},"minClientVersion":{"major":3,"minor":21063,"build":34,"revision":0,"majorRevision":0,"minorRevision":0},"backgroundColor":"rgba(0, 176, 240, 1)","backgroundImageUri":"/17250090747296739257/N45c84f73-2a65-4ee2-9c5e-b2d11d3ea471-logoSmallFile","displayName":"Leave Request","description":"","commitMessage":"","appUris":{"documentUri":{"value":"/17250090747296739257/Nf7cda2c9-19fc-4d04-a45f-0a109e65ec74-document.msapp"},"imageUris":[]},"createdTime":"0001-01-01T00:00:00Z","lastModifiedTime":"0001-01-01T00:00:00Z","sharedGroupsCount":0,"sharedUsersCount":0,"icons":{"smallIconUri":"/17250090747296739257/N66b417e2-4ad1-4b89-9fdd-b1d13a3adad8-small.png","mediumIconUri":"/17250090747296739257/Ndff53ffb-e9ed-4fe8-88c3-351f141b2329-medium.png","largeIconUri":"/17250090747296739257/N22146449-986b-487a-b47b-1bd5fc8a38cf-large.png","wideIconUri":"/17250090747296739257/Nf3286b43-93fb-46b7-b98c-89e030e9d947-wide.png"},"connectionReferences":{"4fa193c4-6150-4faa-a620-eb7fc65df160":{"id":"a2171b72-f251-4e05-a32a-e3489e399cfc","displayName":"SharePoint","iconUri":"https://connectoricons-prod.azureedge.net/releases/v1.0.1472/1.0.1472.2427/sharepointonline/icon.png","dataSources":["Approval"],"dependencies":[],"dependents":[],"parameterHints":{},"isOnPremiseConnection":false,"bypassConsent":false,"dataSets":{"https://cobybrains.sharepoint.com/sites/MyProjects":{"dataSources":{"Approval":{"tableName":"22728982-a456-4ff7-98db-c39a3bb66d47"}}}},"apiTier":"Standard","isCustomApiConnection":false}},"databaseReferences":{},"almMode":"Environment","performanceOptimizationEnabled":true,"canConsumeAppPass":true,"executionRestrictions":{"isTeamsOnly":false,"dataLossPreventionEvaluationResult":{"status":"Compliant","lastEvaluationDate":"2021-07-02T12:03:16.2253711Z","violations":[],"violationsByPolicy":[],"violationErrorMessage":"The app uses the following connectors: shared_sharepointonline."}}},"appType":"ClassicCanvasApp","appComponents":[]}}